INSERT [dbo].[ChiNhanh] ([Ma], [Ten], [DiaChi], [SoDT], [NVQuanLy]) VALUES (N'CN001', N'Đức Linh', N'12/1A Đinh Bộ Lĩnh, Bình Thạnh, Tp.HCM', N'0838654785', N'NV001')
INSERT [dbo].[ChiNhanh] ([Ma], [Ten], [DiaChi], [SoDT], [NVQuanLy]) VALUES (N'CN002', N'Minh Long', N'124 Hoàng Văn Thụ, Tân Bình, Tp.HCM', N'0832164515', N'NV002')
INSERT [dbo].[ChiNhanh] ([Ma], [Ten], [DiaChi], [SoDT], [NVQuanLy]) VALUES (N'CN003', N'Showroom Tân Bình', N'534 Cộng Hòa, Tân Bình, Tp.HCM', N'0838985621', N'NV003')

INSERT [dbo].[CTCungCapXe] ([NCC], [LoaiXe]) VALUES (N'NCC001', N'LX001')
INSERT [dbo].[CTCungCapXe] ([NCC], [LoaiXe]) VALUES (N'NCC002', N'LX0010')
INSERT [dbo].[CTCungCapXe] ([NCC], [LoaiXe]) VALUES (N'NCC002', N'LX0011')
INSERT [dbo].[CTCungCapXe] ([NCC], [LoaiXe]) VALUES (N'NCC002', N'LX002')
INSERT [dbo].[CTCungCapXe] ([NCC], [LoaiXe]) VALUES (N'NCC002', N'LX003')
INSERT [dbo].[CTCungCapXe] ([NCC], [LoaiXe]) VALUES (N'NCC002', N'LX004')
INSERT [dbo].[CTCungCapXe] ([NCC], [LoaiXe]) VALUES (N'NCC002', N'LX005')
INSERT [dbo].[CTCungCapXe] ([NCC], [LoaiXe]) VALUES (N'NCC002', N'LX006')
INSERT [dbo].[CTCungCapXe] ([NCC], [LoaiXe]) VALUES (N'NCC002', N'LX007')
INSERT [dbo].[CTCungCapXe] ([NCC], [LoaiXe]) VALUES (N'NCC002', N'LX008')
INSERT [dbo].[CTCungCapXe] ([NCC], [LoaiXe]) VALUES (N'NCC002', N'LX009')
INSERT [dbo].[CTCungCapXe] ([NCC], [LoaiXe]) VALUES (N'NCC003', N'LX0012')
INSERT [dbo].[CTCungCapXe] ([NCC], [LoaiXe]) VALUES (N'NCC003', N'LX0013')
INSERT [dbo].[CTCungCapXe] ([NCC], [LoaiXe]) VALUES (N'NCC003', N'LX0014')
INSERT [dbo].[CTNhapPhuKien] ([PhieuNhapPhuKien], [LoaiPhuKien], [SoLuong], [GiaMua], [ThanhTien]) VALUES (N'PNPK001', N'LPK001', 6, 30000.0000, 180000.0000)
INSERT [dbo].[CTNhapPhuKien] ([PhieuNhapPhuKien], [LoaiPhuKien], [SoLuong], [GiaMua], [ThanhTien]) VALUES (N'PNPK001', N'LPK013', 60, 7000.0000, 420000.0000)
INSERT [dbo].[CTNhapPhuKien] ([PhieuNhapPhuKien], [LoaiPhuKien], [SoLuong], [GiaMua], [ThanhTien]) VALUES (N'PNPK001', N'LPK002', 50, 150000.0000, 7500000.0000)
INSERT [dbo].[CTNhapPhuKien] ([PhieuNhapPhuKien], [LoaiPhuKien], [SoLuong], [GiaMua], [ThanhTien]) VALUES (N'PNPK002', N'LPK011', 100, 50000.0000, 5000000.0000)
INSERT [dbo].[CTNhapPhuKien] ([PhieuNhapPhuKien], [LoaiPhuKien], [SoLuong], [GiaMua], [ThanhTien]) VALUES (N'PNPK003', N'LPK007', 200, 70000.0000, 14000000.0000)
INSERT [dbo].[CTNhapPhuKien] ([PhieuNhapPhuKien], [LoaiPhuKien], [SoLuong], [GiaMua], [ThanhTien]) VALUES (N'PNPK003', N'LPK008', 100, 80000.0000, 8000000.0000)
INSERT [dbo].[CTNhapPhuKien] ([PhieuNhapPhuKien], [LoaiPhuKien], [SoLuong], [GiaMua], [ThanhTien]) VALUES (N'PNPK004', N'LPK004', 50, 140000.0000, 7000000.0000)
INSERT [dbo].[CTNhapPhuKien] ([PhieuNhapPhuKien], [LoaiPhuKien], [SoLuong], [GiaMua], [ThanhTien]) VALUES (N'PNPK004', N'LPK005', 50, 140000.0000, 7000000.0000)
INSERT [dbo].[CTPhieuNhapXe] ([PhieuNhapXe], [LoaiXe], [SoLuong], [GiaMua], [ThanhTien]) VALUES (N'PNX001', N'LX001', 2, 1.0000, 2.0000)
INSERT [dbo].[CTPhieuNhapXe] ([PhieuNhapXe], [LoaiXe], [SoLuong], [GiaMua], [ThanhTien]) VALUES (N'PNX010', N'LX011', 2, 1.0000, 2.0000)
INSERT [dbo].[CTPhieuNhapXe] ([PhieuNhapXe], [LoaiXe], [SoLuong], [GiaMua], [ThanhTien]) VALUES (N'PNX010', N'LX013', 2, 1.0000, 2.0000)
INSERT [dbo].[CTPhieuNhapXe] ([PhieuNhapXe], [LoaiXe], [SoLuong], [GiaMua], [ThanhTien]) VALUES (N'PNX010', N'LX014', 2, 1.0000, 2.0000)
INSERT [dbo].[CTPhieuNhapXe] ([PhieuNhapXe], [LoaiXe], [SoLuong], [GiaMua], [ThanhTien]) VALUES (N'PNX011', N'LX002', 2, 1.0000, 2.0000)
INSERT [dbo].[CTPhieuNhapXe] ([PhieuNhapXe], [LoaiXe], [SoLuong], [GiaMua], [ThanhTien]) VALUES (N'PNX011', N'LX005', 2, 1.0000, 2.0000)
INSERT [dbo].[CTPhieuNhapXe] ([PhieuNhapXe], [LoaiXe], [SoLuong], [GiaMua], [ThanhTien]) VALUES (N'PNX011', N'LX009', 2, 1.0000, 2.0000)
INSERT [dbo].[CTPhieuNhapXe] ([PhieuNhapXe], [LoaiXe], [SoLuong], [GiaMua], [ThanhTien]) VALUES (N'PNX012', N'LX005', 2, 1.0000, 2.0000)
INSERT [dbo].[CTPhieuNhapXe] ([PhieuNhapXe], [LoaiXe], [SoLuong], [GiaMua], [ThanhTien]) VALUES (N'PNX012', N'LX008', 2, 1.0000, 2.0000)
INSERT [dbo].[CTPhieuNhapXe] ([PhieuNhapXe], [LoaiXe], [SoLuong], [GiaMua], [ThanhTien]) VALUES (N'PNX013', N'LX002', 2, 1.0000, 2.0000)
INSERT [dbo].[CTPhieuNhapXe] ([PhieuNhapXe], [LoaiXe], [SoLuong], [GiaMua], [ThanhTien]) VALUES (N'PNX013', N'LX004', 2, 1.0000, 2.0000)
INSERT [dbo].[CTPhieuNhapXe] ([PhieuNhapXe], [LoaiXe], [SoLuong], [GiaMua], [ThanhTien]) VALUES (N'PNX013', N'LX006', 2, 1.0000, 2.0000)
INSERT [dbo].[CTPhieuNhapXe] ([PhieuNhapXe], [LoaiXe], [SoLuong], [GiaMua], [ThanhTien]) VALUES (N'PNX013', N'LX007', 2, 1.0000, 2.0000)
INSERT [dbo].[CTPhieuNhapXe] ([PhieuNhapXe], [LoaiXe], [SoLuong], [GiaMua], [ThanhTien]) VALUES (N'PNX014', N'LX012', 2, 1.0000, 2.0000)
INSERT [dbo].[CTPhieuNhapXe] ([PhieuNhapXe], [LoaiXe], [SoLuong], [GiaMua], [ThanhTien]) VALUES (N'PNX014', N'LX014', 2, 1.0000, 2.0000)
INSERT [dbo].[CTPhieuNhapXe] ([PhieuNhapXe], [LoaiXe], [SoLuong], [GiaMua], [ThanhTien]) VALUES (N'PNX014', N'LX007', 2, 1.0000, 2.0000)
INSERT [dbo].[CTPhieuNhapXe] ([PhieuNhapXe], [LoaiXe], [SoLuong], [GiaMua], [ThanhTien]) VALUES (N'PNX015', N'LX001', 2, 1.0000, 2.0000)
INSERT [dbo].[CTPhieuNhapXe] ([PhieuNhapXe], [LoaiXe], [SoLuong], [GiaMua], [ThanhTien]) VALUES (N'PNX002', N'LX001', 2, 1.0000, 2.0000)
INSERT [dbo].[CTPhieuNhapXe] ([PhieuNhapXe], [LoaiXe], [SoLuong], [GiaMua], [ThanhTien]) VALUES (N'PNX003', N'LX011', 2, 1.0000, 2.0000)
INSERT [dbo].[CTPhieuNhapXe] ([PhieuNhapXe], [LoaiXe], [SoLuong], [GiaMua], [ThanhTien]) VALUES (N'PNX003', N'LX002', 2, 1.0000, 2.0000)
INSERT [dbo].[CTPhieuNhapXe] ([PhieuNhapXe], [LoaiXe], [SoLuong], [GiaMua], [ThanhTien]) VALUES (N'PNX003', N'LX003', 2, 1.0000, 2.0000)
INSERT [dbo].[CTPhieuNhapXe] ([PhieuNhapXe], [LoaiXe], [SoLuong], [GiaMua], [ThanhTien]) VALUES (N'PNX003', N'LX004', 2, 1.0000, 2.0000)
INSERT [dbo].[CTPhieuNhapXe] ([PhieuNhapXe], [LoaiXe], [SoLuong], [GiaMua], [ThanhTien]) VALUES (N'PNX003', N'LX005', 2, 1.0000, 2.0000)
INSERT [dbo].[CTPhieuNhapXe] ([PhieuNhapXe], [LoaiXe], [SoLuong], [GiaMua], [ThanhTien]) VALUES (N'PNX003', N'LX006', 2, 1.0000, 2.0000)
INSERT [dbo].[CTPhieuNhapXe] ([PhieuNhapXe], [LoaiXe], [SoLuong], [GiaMua], [ThanhTien]) VALUES (N'PNX003', N'LX007', 2, 1.0000, 2.0000)
INSERT [dbo].[CTPhieuNhapXe] ([PhieuNhapXe], [LoaiXe], [SoLuong], [GiaMua], [ThanhTien]) VALUES (N'PNX003', N'LX008', 2, 1.0000, 2.0000)
INSERT [dbo].[CTPhieuNhapXe] ([PhieuNhapXe], [LoaiXe], [SoLuong], [GiaMua], [ThanhTien]) VALUES (N'PNX003', N'LX009', 2, 1.0000, 2.0000)
INSERT [dbo].[CTPhieuNhapXe] ([PhieuNhapXe], [LoaiXe], [SoLuong], [GiaMua], [ThanhTien]) VALUES (N'PNX004', N'LX012', 2, 1.0000, 2.0000)
INSERT [dbo].[CTPhieuNhapXe] ([PhieuNhapXe], [LoaiXe], [SoLuong], [GiaMua], [ThanhTien]) VALUES (N'PNX004', N'LX013', 2, 1.0000, 2.0000)
INSERT [dbo].[CTPhieuNhapXe] ([PhieuNhapXe], [LoaiXe], [SoLuong], [GiaMua], [ThanhTien]) VALUES (N'PNX005', N'LX014', 2, 1.0000, 2.0000)
INSERT [dbo].[CTPhieuNhapXe] ([PhieuNhapXe], [LoaiXe], [SoLuong], [GiaMua], [ThanhTien]) VALUES (N'PNX006', N'LX001', 2, 1.0000, 2.0000)
INSERT [dbo].[CTPhieuNhapXe] ([PhieuNhapXe], [LoaiXe], [SoLuong], [GiaMua], [ThanhTien]) VALUES (N'PNX007', N'LX004', 2, 1.0000, 2.0000)
INSERT [dbo].[CTPhieuNhapXe] ([PhieuNhapXe], [LoaiXe], [SoLuong], [GiaMua], [ThanhTien]) VALUES (N'PNX007', N'LX006', 2, 1.0000, 2.0000)
INSERT [dbo].[CTPhieuNhapXe] ([PhieuNhapXe], [LoaiXe], [SoLuong], [GiaMua], [ThanhTien]) VALUES (N'PNX007', N'LX007', 2, 1.0000, 2.0000)
INSERT [dbo].[CTPhieuNhapXe] ([PhieuNhapXe], [LoaiXe], [SoLuong], [GiaMua], [ThanhTien]) VALUES (N'PNX008', N'LX010', 2, 1.0000, 2.0000)
INSERT [dbo].[CTPhieuNhapXe] ([PhieuNhapXe], [LoaiXe], [SoLuong], [GiaMua], [ThanhTien]) VALUES (N'PNX008', N'LX009', 2, 1.0000, 2.0000)
INSERT [dbo].[CTPhieuNhapXe] ([PhieuNhapXe], [LoaiXe], [SoLuong], [GiaMua], [ThanhTien]) VALUES (N'PNX009', N'LX012', 2, 1.0000, 2.0000)
INSERT [dbo].[CTPhieuNhapXe] ([PhieuNhapXe], [LoaiXe], [SoLuong], [GiaMua], [ThanhTien]) VALUES (N'PNX009', N'LX013', 2, 1.0000, 2.0000)
INSERT [dbo].[CTPhieuXuatPhuKien] ([PhieuXuatKho], [LoaiPhuKien], [SoLuong]) VALUES (N'PXK001', N'LPK011', 10)
INSERT [dbo].[CTPhieuXuatPhuKien] ([PhieuXuatKho], [LoaiPhuKien], [SoLuong]) VALUES (N'PXK001', N'LPK012', 3)
INSERT [dbo].[CTPhieuXuatPhuKien] ([PhieuXuatKho], [LoaiPhuKien], [SoLuong]) VALUES (N'PXK001', N'LPK013', 10)
INSERT [dbo].[CTPhieuXuatPhuKien] ([PhieuXuatKho], [LoaiPhuKien], [SoLuong]) VALUES (N'PXK001', N'LPK003', 5)
INSERT [dbo].[CTPhieuXuatPhuKien] ([PhieuXuatKho], [LoaiPhuKien], [SoLuong]) VALUES (N'PXK001', N'LPK006', 10)
INSERT [dbo].[CTPhieuXuatPhuKien] ([PhieuXuatKho], [LoaiPhuKien], [SoLuong]) VALUES (N'PXK001', N'LPK007', 10)
INSERT [dbo].[CTPhieuXuatPhuKien] ([PhieuXuatKho], [LoaiPhuKien], [SoLuong]) VALUES (N'PXK001', N'LPK008', 10)
INSERT [dbo].[CTPhieuXuatPhuKien] ([PhieuXuatKho], [LoaiPhuKien], [SoLuong]) VALUES (N'PXK001', N'LPK009', 10)
INSERT [dbo].[CTPhieuXuatXe] ([PhieuXuatKho], [LoaiXe], [SoLuong]) VALUES (N'PXK001', N'LX001', 1)
INSERT [dbo].[CTPhieuXuatXe] ([PhieuXuatKho], [LoaiXe], [SoLuong]) VALUES (N'PXK001', N'LX002', 1)
INSERT [dbo].[CTPhieuXuatXe] ([PhieuXuatKho], [LoaiXe], [SoLuong]) VALUES (N'PXK001', N'LX003', 1)
INSERT [dbo].[CTPhieuXuatXe] ([PhieuXuatKho], [LoaiXe], [SoLuong]) VALUES (N'PXK001', N'LX004', 1)
INSERT [dbo].[CTPhieuXuatXe] ([PhieuXuatKho], [LoaiXe], [SoLuong]) VALUES (N'PXK002', N'LX012', 1)
INSERT [dbo].[CTPhieuXuatXe] ([PhieuXuatKho], [LoaiXe], [SoLuong]) VALUES (N'PXK002', N'LX014', 1)
INSERT [dbo].[CTPhieuXuatXe] ([PhieuXuatKho], [LoaiXe], [SoLuong]) VALUES (N'PXK002', N'LX005', 1)
INSERT [dbo].[CTPhieuXuatXe] ([PhieuXuatKho], [LoaiXe], [SoLuong]) VALUES (N'PXK002', N'LX006', 1)
INSERT [dbo].[CTPhieuXuatXe] ([PhieuXuatKho], [LoaiXe], [SoLuong]) VALUES (N'PXK002', N'LX007', 1)
INSERT [dbo].[CTPhieuXuatXe] ([PhieuXuatKho], [LoaiXe], [SoLuong]) VALUES (N'PXK003', N'LX010', 1)
INSERT [dbo].[CTPhieuXuatXe] ([PhieuXuatKho], [LoaiXe], [SoLuong]) VALUES (N'PXK003', N'LX011', 1)
INSERT [dbo].[CTPhieuXuatXe] ([PhieuXuatKho], [LoaiXe], [SoLuong]) VALUES (N'PXK003', N'LX013', 1)
INSERT [dbo].[CTPhieuXuatXe] ([PhieuXuatKho], [LoaiXe], [SoLuong]) VALUES (N'PXK003', N'LX008', 1)
INSERT [dbo].[CTPhieuXuatXe] ([PhieuXuatKho], [LoaiXe], [SoLuong]) VALUES (N'PXK003', N'LX009', 1)
INSERT [dbo].[CTPhieuXuatXe] ([PhieuXuatKho], [LoaiXe], [SoLuong]) VALUES (N'PXK004', N'LX001', 1)
INSERT [dbo].[CTPhieuXuatXe] ([PhieuXuatKho], [LoaiXe], [SoLuong]) VALUES (N'PXK004', N'LX002', 1)
INSERT [dbo].[CTPhieuXuatXe] ([PhieuXuatKho], [LoaiXe], [SoLuong]) VALUES (N'PXK004', N'LX003', 1)
INSERT [dbo].[CTPhieuXuatXe] ([PhieuXuatKho], [LoaiXe], [SoLuong]) VALUES (N'PXK004', N'LX005', 1)
INSERT [dbo].[CTPhieuXuatXe] ([PhieuXuatKho], [LoaiXe], [SoLuong]) VALUES (N'PXK005', N'LX006', 1)
INSERT [dbo].[CTPhieuXuatXe] ([PhieuXuatKho], [LoaiXe], [SoLuong]) VALUES (N'PXK005', N'LX007', 1)
INSERT [dbo].[CTPhieuXuatXe] ([PhieuXuatKho], [LoaiXe], [SoLuong]) VALUES (N'PXK006', N'LX008', 1)
INSERT [dbo].[CTPhieuXuatXe] ([PhieuXuatKho], [LoaiXe], [SoLuong]) VALUES (N'PXK006', N'LX009', 1)
INSERT [dbo].[CTPhieuXuatXe] ([PhieuXuatKho], [LoaiXe], [SoLuong]) VALUES (N'PXK007', N'LX010', 1)
INSERT [dbo].[CTPhieuXuatXe] ([PhieuXuatKho], [LoaiXe], [SoLuong]) VALUES (N'PXK007', N'LX011', 1)
INSERT [dbo].[CTPhieuXuatXe] ([PhieuXuatKho], [LoaiXe], [SoLuong]) VALUES (N'PXK007', N'LX012', 1)
INSERT [dbo].[CTPhieuXuatXe] ([PhieuXuatKho], [LoaiXe], [SoLuong]) VALUES (N'PXK008', N'LX013', 1)
INSERT [dbo].[CTPhieuXuatXe] ([PhieuXuatKho], [LoaiXe], [SoLuong]) VALUES (N'PXK008', N'LX014', 1)
INSERT [dbo].[CTPhieuXuatXe] ([PhieuXuatKho], [LoaiXe], [SoLuong]) VALUES (N'PXK008', N'LX008', 1)
INSERT [dbo].[CTPhieuXuatXe] ([PhieuXuatKho], [LoaiXe], [SoLuong]) VALUES (N'PXK008', N'LX009', 1)
INSERT [dbo].[CTSuaChua] ([PhieuSuaChua], [PhuKien], [SoLuong]) VALUES (N'PSC001', N'PK001', 2)
INSERT [dbo].[CTSuaChua] ([PhieuSuaChua], [PhuKien], [SoLuong]) VALUES (N'PSC002', N'PK014', 1)
INSERT [dbo].[CTSuaChua] ([PhieuSuaChua], [PhuKien], [SoLuong]) VALUES (N'PSC004', N'PK010', 1)
INSERT [dbo].[CTSuaChua] ([PhieuSuaChua], [PhuKien], [SoLuong]) VALUES (N'PSC005', N'PK014', 1)
INSERT [dbo].[CTSuaChua] ([PhieuSuaChua], [PhuKien], [SoLuong]) VALUES (N'PSC006', N'PK013', 1)
INSERT [dbo].[CTSuaChua] ([PhieuSuaChua], [PhuKien], [SoLuong]) VALUES (N'PSC007', N'PK010', 2)
INSERT [dbo].[CTVanChuyen] ([NhanVien], [PhieuXuatKho]) VALUES (N'NV003', N'PXK001')
INSERT [dbo].[CTVanChuyen] ([NhanVien], [PhieuXuatKho]) VALUES (N'NV003', N'PXK003')
INSERT [dbo].[CTVanChuyen] ([NhanVien], [PhieuXuatKho]) VALUES (N'NV003', N'PXK008')
INSERT [dbo].[CTVanChuyen] ([NhanVien], [PhieuXuatKho]) VALUES (N'NV005', N'PXK002')
INSERT [dbo].[CTVanChuyen] ([NhanVien], [PhieuXuatKho]) VALUES (N'NV006', N'PXK004')
INSERT [dbo].[CTVanChuyen] ([NhanVien], [PhieuXuatKho]) VALUES (N'NV006', N'PXK007')
INSERT [dbo].[CTVanChuyen] ([NhanVien], [PhieuXuatKho]) VALUES (N'NV008', N'PXK005')
INSERT [dbo].[CTVanChuyen] ([NhanVien], [PhieuXuatKho]) VALUES (N'NV007', N'PXK006')
INSERT [dbo].[HoSoBanXe] ([Ma], [NgayMua], [KhachHang], [NhanVienBan], [Xe]) VALUES (N'HS001', CAST(0x0000A11D00000000 AS DateTime), N'KH001', N'NV008', N'X001')
INSERT [dbo].[HoSoBanXe] ([Ma], [NgayMua], [KhachHang], [NhanVienBan], [Xe]) VALUES (N'HS010', CAST(0x0000A21000000000 AS DateTime), N'KH010', N'NV002', N'X021')
INSERT [dbo].[HoSoBanXe] ([Ma], [NgayMua], [KhachHang], [NhanVienBan], [Xe]) VALUES (N'HS011', CAST(0x0000A1F100000000 AS DateTime), N'KH011', N'NV003', N'X022')
INSERT [dbo].[HoSoBanXe] ([Ma], [NgayMua], [KhachHang], [NhanVienBan], [Xe]) VALUES (N'HS012', CAST(0x0000A1D000000000 AS DateTime), N'KH001', N'NV004', N'X023')
INSERT [dbo].[HoSoBanXe] ([Ma], [NgayMua], [KhachHang], [NhanVienBan], [Xe]) VALUES (N'HS012', CAST(0x0000901A00000000 AS DateTime), N'KH002', N'NV005', N'X002')
INSERT [dbo].[HoSoBanXe] ([Ma], [NgayMua], [KhachHang], [NhanVienBan], [Xe]) VALUES (N'HS013', CAST(0x00009FEA00000000 AS DateTime), N'KH003', N'NV007', N'X003')
INSERT [dbo].[HoSoBanXe] ([Ma], [NgayMua], [KhachHang], [NhanVienBan], [Xe]) VALUES (N'HS014', CAST(0x0000A15900000000 AS DateTime), N'KH004', N'NV007', N'X004')
INSERT [dbo].[HoSoBanXe] ([Ma], [NgayMua], [KhachHang], [NhanVienBan], [Xe]) VALUES (N'HS005', CAST(0x0000A13900000000 AS DateTime), N'KH005', N'NV007', N'X005')
INSERT [dbo].[HoSoBanXe] ([Ma], [NgayMua], [KhachHang], [NhanVienBan], [Xe]) VALUES (N'HS016', CAST(0x0000A1F100000000 AS DateTime), N'KH006', N'NV008', N'X015')
INSERT [dbo].[HoSoBanXe] ([Ma], [NgayMua], [KhachHang], [NhanVienBan], [Xe]) VALUES (N'HS017', CAST(0x0000A1B700000000 AS DateTime), N'KH007', N'NV008', N'X016')
INSERT [dbo].[HoSoBanXe] ([Ma], [NgayMua], [KhachHang], [NhanVienBan], [Xe]) VALUES (N'HS018', CAST(0x0000A21100000000 AS DateTime), N'KH008', N'NV007', N'X017')
INSERT [dbo].[HoSoBanXe] ([Ma], [NgayMua], [KhachHang], [NhanVienBan], [Xe]) VALUES (N'HS019', CAST(0x0000A1EE00000000 AS DateTime), N'KH009', N'NV004', N'X018')
INSERT [dbo].[KhachHang] ([Ma], [Ten], [DiaChi], [SoDT]) VALUES (N'KH001', N'Đinh Tùng Lâm', N'Q1, Tp.HCM ', N'0838456214')
INSERT [dbo].[KhachHang] ([Ma], [Ten], [DiaChi], [SoDT]) VALUES (N'KH010', N'Thinh Văn Hoàng', N'11/2/1 Bạch Đằng, Bình Thạnh', N'0169854265')
INSERT [dbo].[KhachHang] ([Ma], [Ten], [DiaChi], [SoDT]) VALUES (N'KH011', N'Nguyễn Văn Thắng', N'1 Lê Quang Định, Gò Vấp, Tp.HCM', N'1236548795')
INSERT [dbo].[KhachHang] ([Ma], [Ten], [DiaChi], [SoDT]) VALUES (N'KH002', N'Trần Bùng Binh', N'Thủ đức, Tp.HCM', N'0123546987')
INSERT [dbo].[KhachHang] ([Ma], [Ten], [DiaChi], [SoDT]) VALUES (N'KH003', N'Lê Như Tô', N'32 Đường 2, Phường 1, Bình Thạnh, Tp.HCM', N'0928654147')
INSERT [dbo].[KhachHang] ([Ma], [Ten], [DiaChi], [SoDT]) VALUES (N'KH004', N'Hoàng Vĩnh Thạnh', N'23/1 Đường 6, Phường Vĩnh Lộc, Tân Phú, Tp.HCM', N'0898214536')
INSERT [dbo].[KhachHang] ([Ma], [Ten], [DiaChi], [SoDT]) VALUES (N'KH005', N'Minh Hoàng Đạo', N'12 An Dương Vương, Q5, Tp.HCM', N'0909236547')
INSERT [dbo].[KhachHang] ([Ma], [Ten], [DiaChi], [SoDT]) VALUES (N'KH006', N'Hy Văn Lạp', N'12 An Dương Vương, Q5, TpHCM', NULL)
INSERT [dbo].[KhachHang] ([Ma], [Ten], [DiaChi], [SoDT]) VALUES (N'KH007', N'Lu Ninh Kiều', N'77 Đất Võ, Quảng Ngãi', N'0913697455')
INSERT [dbo].[KhachHang] ([Ma], [Ten], [DiaChi], [SoDT]) VALUES (N'KH008', N'Đậu Văn Lò', N'12 Thống Nhất, Ninh Trữ', N'0198652664')
INSERT [dbo].[KhachHang] ([Ma], [Ten], [DiaChi], [SoDT]) VALUES (N'KH009', N'Lê Trần Nghĩa', N'32 Đường Phú Thạnh, Q10, Tp.HCM', N'0132654778')
INSERT [dbo].[Kho] ([Ma], [Ten], [DiaChi], [SoDT], [NVQuanLy]) VALUES (N'KHO001', N'Kho Tân Định', N'123/1A Trần Quang Khải, Q1, tp.HCM', N'0916545124', N'6')
INSERT [dbo].[Kho] ([Ma], [Ten], [DiaChi], [SoDT], [NVQuanLy]) VALUES (N'KHO002', N'Kho Bình Hòa', N'12 Hàm Nghi, Biên Hòa', N'0613545455', N'7')
INSERT [dbo].[Kho] ([Ma], [Ten], [DiaChi], [SoDT], [NVQuanLy]) VALUES (N'KHO003', N'Kho Quang Minh', N'623/1A Đinh Bộ Lĩnh, Phường 11, Bình Thạnh, Tp.HCM', N'0835951212', N'8')
INSERT [dbo].[LoaiPhuKien] ([Ma], [Ten], [GiaBan], [GhiChu]) VALUES (N'LPK001', N'Chóa Đèn', 23000.0000, NULL)
INSERT [dbo].[LoaiPhuKien] ([Ma], [Ten], [GiaBan], [GhiChu]) VALUES (N'LPK011', N'Nhớt Máy GHQ', 90000.0000, NULL)
INSERT [dbo].[LoaiPhuKien] ([Ma], [Ten], [GiaBan], [GhiChu]) VALUES (N'LPK012', N'Chụp đèn trước', 45000.0000, N'Dùng cho cách loại xe honda 110cc')
INSERT [dbo].[LoaiPhuKien] ([Ma], [Ten], [GiaBan], [GhiChu]) VALUES (N'LPK013', N'Dây điện đầu cúp', 10000.0000, NULL)
INSERT [dbo].[LoaiPhuKien] ([Ma], [Ten], [GiaBan], [GhiChu]) VALUES (N'LPK002', N'Nhông Sau', 200000.0000, N'Hàng Nhật')
INSERT [dbo].[LoaiPhuKien] ([Ma], [Ten], [GiaBan], [GhiChu]) VALUES (N'LPK003', N'Xích', 50000.0000, NULL)
INSERT [dbo].[LoaiPhuKien] ([Ma], [Ten], [GiaBan], [GhiChu]) VALUES (N'LPK004', N'Bạc Đạn Bánh Trước', 100000.0000, NULL)
INSERT [dbo].[LoaiPhuKien] ([Ma], [Ten], [GiaBan], [GhiChu]) VALUES (N'LPK005', N'Bạc Đạn Bánh Sau', 100000.0000, NULL)
INSERT [dbo].[LoaiPhuKien] ([Ma], [Ten], [GiaBan], [GhiChu]) VALUES (N'LPK006', N'Lốp Trước ', 100000.0000, N'Loại 110mm')
INSERT [dbo].[LoaiPhuKien] ([Ma], [Ten], [GiaBan], [GhiChu]) VALUES (N'LPK007', N'Lốp Trước ', 100000.0000, N'Loại 100mm')
INSERT [dbo].[LoaiPhuKien] ([Ma], [Ten], [GiaBan], [GhiChu]) VALUES (N'LPK008', N'Lốp Sau', 140000.0000, N'Loại 100mm')
INSERT [dbo].[LoaiPhuKien] ([Ma], [Ten], [GiaBan], [GhiChu]) VALUES (N'LPK009', N'Lốp Sau', 140000.0000, N'Loại 120mm')
INSERT [dbo].[LoaiXe] ([Ma], [Ten], [Hang], [TGBH], [DongCo], [DTXiLanh], [MauSac], [TrongLuong], [Khung], [Banh], [GiaBan]) VALUES (N'LX001', N'Angel', N'SYM', CAST(0x0000A2A600000000 AS DateTime), N'4 Thì', 98, N'Xanh Đen', 110, N'Khung QFL, Nhật', N'Bánh Trước 110cm,', 2150.0000)
INSERT [dbo].[LoaiXe] ([Ma], [Ten], [Hang], [TGBH], [DongCo], [DTXiLanh], [MauSac], [TrongLuong], [Khung], [Banh], [GiaBan]) VALUES (N'LX010', N'Wave RSX FI AT', N'Honda', CAST(0x0000A43700000000 AS DateTime), N'Xăng, 4 kỳ', 109, N'Đen Đỏ', 100, N'Cặp đôi lò xo trụ', N'50mm x 55,6 mm', 1798.0000)
INSERT [dbo].[LoaiXe] ([Ma], [Ten], [Hang], [TGBH], [DongCo], [DTXiLanh], [MauSac], [TrongLuong], [Khung], [Banh], [GiaBan]) VALUES (N'LX011', N'Wave S Deluxe', N'Honda', CAST(0x0000A2C500000000 AS DateTime), N'Xăng, 4 kỳ, 1 xy', 110, N'Nâu Đỏ', 107, N'Lò xo trụ, giảm chấn', N'50mm x 55.6mm', 1799.0000)
INSERT [dbo].[LoaiXe] ([Ma], [Ten], [Hang], [TGBH], [DongCo], [DTXiLanh], [MauSac], [TrongLuong], [Khung], [Banh], [GiaBan]) VALUES (N'LX012', N'Cuxi 100cc', N'Yamaha', CAST(0x0000A86400000000 AS DateTime), N'4 thì, 2 van SOHC', 102, N'Nâu Xám', 89, N'Halogen 12V', N'90/90-10 50J', 3299.0000)
INSERT [dbo].[LoaiXe] ([Ma], [Ten], [Hang], [TGBH], [DongCo], [DTXiLanh], [MauSac], [TrongLuong], [Khung], [Banh], [GiaBan]) VALUES (N'LX013', N'Luvias GTX 2012', N'Yamaha', CAST(0x0000A43500000000 AS DateTime), N'4 thì, xy lanh đơn', 124, N'Đỏ Đen', 101, N'Fuel injection', N'70/90-14M/C 34P', 2797.0000)
INSERT [dbo].[LoaiXe] ([Ma], [Ten], [Hang], [TGBH], [DongCo], [DTXiLanh], [MauSac], [TrongLuong], [Khung], [Banh], [GiaBan]) VALUES (N'LX014', N'Exiter 2013 RC', N'Yamaha', CAST(0x0000A41400000000 AS DateTime), N'4 thì, xy, SOHC', 134, N'Đỏ Đen Trắng', 111, N'DC-CDI', N'1,960mm × 695mm', 4000.0000)
INSERT [dbo].[LoaiXe] ([Ma], [Ten], [Hang], [TGBH], [DongCo], [DTXiLanh], [MauSac], [TrongLuong], [Khung], [Banh], [GiaBan]) VALUES (N'LX002', N'Air Blade 125', N'Honda', CAST(0x0000A2A600000000 AS DateTime), N'PGM-FI, xăng, 4 kỳ', 125, N'Đen Xám', 115, N'IH Chuẩn ISO', N'Trước: 80/90 Sau: 90/90 ', 3790.0000)
INSERT [dbo].[LoaiXe] ([Ma], [Ten], [Hang], [TGBH], [DongCo], [DTXiLanh], [MauSac], [TrongLuong], [Khung], [Banh], [GiaBan]) VALUES (N'LX003', N'Lead 125cc', N'Honda', CAST(0x0000A2A600000000 AS DateTime), N'PGM-FI, xăng, 4 kỳ', 125, N'Đen Trắng', 115, N'12 44J', N'Trước 100/90-10 56J', 3749.0000)
INSERT [dbo].[LoaiXe] ([Ma], [Ten], [Hang], [TGBH], [DongCo], [DTXiLanh], [MauSac], [TrongLuong], [Khung], [Banh], [GiaBan]) VALUES (N'LX004', N'Vision 2013', N'Honda', CAST(0x0000A2A600000000 AS DateTime), N'PGM-FI, xăng, 4 kỳ, ', 108, N'Nâu Trắng', 101, N'14 M/C 40P', N'Trước: 80/90 - 14 M/C 40P ', 2870.0000)
INSERT [dbo].[LoaiXe] ([Ma], [Ten], [Hang], [TGBH], [DongCo], [DTXiLanh], [MauSac], [TrongLuong], [Khung], [Banh], [GiaBan]) VALUES (N'LX005', N'Future 125 FI', N'Honda', CAST(0x0000A2A600000000 AS DateTime), N'Xăng, 4 kỳ', 124, N'Đen', 107, N'17 M/C 38P', N'Trước: 70/90 - 17 M/C', 2999.0000)
INSERT [dbo].[LoaiXe] ([Ma], [Ten], [Hang], [TGBH], [DongCo], [DTXiLanh], [MauSac], [TrongLuong], [Khung], [Banh], [GiaBan]) VALUES (N'LX006', N'Wave 110 RSX', N'Honda', CAST(0x0000A2A600000000 AS DateTime), N'Xăng, 4 kỳ', 109, N'Đen Đỏ', 101, N'17 M/C 38P', N'Trước: 70/90 - 17 M/C 38P', 2049.0000)
INSERT [dbo].[LoaiXe] ([Ma], [Ten], [Hang], [TGBH], [DongCo], [DTXiLanh], [MauSac], [TrongLuong], [Khung], [Banh], [GiaBan]) VALUES (N'LX007', N'Wave α', N'Honda', CAST(0x0000A2A600000000 AS DateTime), N'Xăng, 4 kỳ', 97, N'Xanh', 100, N'Ống lồng', N'	50 mm x 49,5 mm', 1599.0000)
INSERT [dbo].[LoaiXe] ([Ma], [Ten], [Hang], [TGBH], [DongCo], [DTXiLanh], [MauSac], [TrongLuong], [Khung], [Banh], [GiaBan]) VALUES (N'LX008', N'Wave α', N'Honda', CAST(0x0000A43C00000000 AS DateTime), N'Xăng, 4 kỳ', 97, N'Đỏ', 100, N'Ống Lồng', N'50 mm x 49,5mm', 1600.0000)
INSERT [dbo].[LoaiXe] ([Ma], [Ten], [Hang], [TGBH], [DongCo], [DTXiLanh], [MauSac], [TrongLuong], [Khung], [Banh], [GiaBan]) VALUES (N'LX009', N'PCX', N'Honda', CAST(0x0000A6CF00000000 AS DateTime), N'PGM-FI, xăng, 4 kỳ', 124, N'Đen Đỏ', 129, N'100/90 - 14 M/C 57P', N'Trước: 90/90 - 14 M/C', 5199.0000)
INSERT [dbo].[NCC] ([Ma], [Ten], [DiaChi], [SoDT]) VALUES (N'NCC001', N'Yamaha Chi Nhánh Miền Nam', N'12, Huỳnh Văn, Tân Phú, Tp.HCM', N'0838654136')
INSERT [dbo].[NCC] ([Ma], [Ten], [DiaChi], [SoDT]) VALUES (N'NCC002', N'SYM Tp.HCM', N'324 CMT8, Q10, Tp.HCM', N'0839454511')
INSERT [dbo].[NCC] ([Ma], [Ten], [DiaChi], [SoDT]) VALUES (N'NCC003', N'Honda Việt Nam', N'12, Biên Hòa', N'0697885121')
INSERT [dbo].[PhieuNhapPhuKien] ([Ma], [ThoiGian], [NVXacNhan], [Kho], [NCC], [ThanhTien]) VALUES (N'PNPK001', CAST(0x00009FCB00000000 AS DateTime), N'NV006', N'KHO001', N'NCC001', 4500000.0000)
INSERT [dbo].[PhieuNhapPhuKien] ([Ma], [ThoiGian], [NVXacNhan], [Kho], [NCC], [ThanhTien]) VALUES (N'PNPK002', CAST(0x0000A1D400000000 AS DateTime), N'NV011', N'KHO012', N'NCC003', 46222222.0000)
INSERT [dbo].[PhieuNhapPhuKien] ([Ma], [ThoiGian], [NVXacNhan], [Kho], [NCC], [ThanhTien]) VALUES (N'PNPK003', CAST(0x0000A1E800000000 AS DateTime), N'NV013', N'KHO011', N'NCC001', 9643310.0000)
INSERT [dbo].[PhieuNhapPhuKien] ([Ma], [ThoiGian], [NVXacNhan], [Kho], [NCC], [ThanhTien]) VALUES (N'PNPK004', CAST(0x0000A1D400000000 AS DateTime), N'NV005', N'KHO013', N'NCC002', 10172000.0000)
INSERT [dbo].[PhieuNhapXe] ([Ma], [Kho], [NCC], [NVXacNhan], [ThoiGian], [ThanhTien]) VALUES (N'PNX001', N'KHO001', N'NCC001', N'NV006', CAST(0x0000A13900000000 AS DateTime), 65400.0000)
INSERT [dbo].[PhieuNhapXe] ([Ma], [Kho], [NCC], [NVXacNhan], [ThoiGian], [ThanhTien]) VALUES (N'PNX010', N'KHO002', N'NCC003', N'NV007', CAST(0x0000A1B100000000 AS DateTime), 31221.0000)
INSERT [dbo].[PhieuNhapXe] ([Ma], [Kho], [NCC], [NVXacNhan], [ThoiGian], [ThanhTien]) VALUES (N'PNX011', N'KHO003', N'NCC002', N'NV008', CAST(0x00009FF300000000 AS DateTime), 121000.0000)
INSERT [dbo].[PhieuNhapXe] ([Ma], [Kho], [NCC], [NVXacNhan], [ThoiGian], [ThanhTien]) VALUES (N'PNX012', N'KHO003', N'NCC002', N'NV008', CAST(0x0000A1A300000000 AS DateTime), 640000.0000)
INSERT [dbo].[PhieuNhapXe] ([Ma], [Kho], [NCC], [NVXacNhan], [ThoiGian], [ThanhTien]) VALUES (N'PNX013', N'KHO003', N'NCC002', N'NV008', CAST(0x0000A20F00000000 AS DateTime), 6563000.0000)
INSERT [dbo].[PhieuNhapXe] ([Ma], [Kho], [NCC], [NVXacNhan], [ThoiGian], [ThanhTien]) VALUES (N'PNX014', N'KHO003', N'NCC003', N'NV008', CAST(0x0000A08400000000 AS DateTime), 321212.0000)
INSERT [dbo].[PhieuNhapXe] ([Ma], [Kho], [NCC], [NVXacNhan], [ThoiGian], [ThanhTien]) VALUES (N'PNX015', N'KHO003', N'NCC001', N'NV008', CAST(0x0000A1D300000000 AS DateTime), 98000.0000)
INSERT [dbo].[PhieuNhapXe] ([Ma], [Kho], [NCC], [NVXacNhan], [ThoiGian], [ThanhTien]) VALUES (N'PNX002', N'KHO001', N'NCC001', N'NV006', CAST(0x0000A13900000000 AS DateTime), 46500.0000)
INSERT [dbo].[PhieuNhapXe] ([Ma], [Kho], [NCC], [NVXacNhan], [ThoiGian], [ThanhTien]) VALUES (N'PNX003', N'KHO001', N'NCC002', N'NV006', CAST(0x0000A24B00000000 AS DateTime), 65456.0000)
INSERT [dbo].[PhieuNhapXe] ([Ma], [Kho], [NCC], [NVXacNhan], [ThoiGian], [ThanhTien]) VALUES (N'PNX004', N'KHO001', N'NCC003', N'NV006', CAST(0x00009FCB00000000 AS DateTime), 362000.0000)
INSERT [dbo].[PhieuNhapXe] ([Ma], [Kho], [NCC], [NVXacNhan], [ThoiGian], [ThanhTien]) VALUES (N'PNX005', N'KHO001', N'NCC003', N'NV006', CAST(0x0000A1B100000000 AS DateTime), 123124.0000)
INSERT [dbo].[PhieuNhapXe] ([Ma], [Kho], [NCC], [NVXacNhan], [ThoiGian], [ThanhTien]) VALUES (N'PNX006', N'KHO002', N'NCC001', N'NV007', CAST(0x0000A13900000000 AS DateTime), 135000.0000)
INSERT [dbo].[PhieuNhapXe] ([Ma], [Kho], [NCC], [NVXacNhan], [ThoiGian], [ThanhTien]) VALUES (N'PNX007', N'KHO002', N'NCC002', N'NV007', CAST(0x0000A13900000000 AS DateTime), 6540000.0000)
INSERT [dbo].[PhieuNhapXe] ([Ma], [Kho], [NCC], [NVXacNhan], [ThoiGian], [ThanhTien]) VALUES (N'PNX008', N'KHO002', N'NCC002', N'NV007', CAST(0x0000A13900000000 AS DateTime), 313212.0000)
INSERT [dbo].[PhieuNhapXe] ([Ma], [Kho], [NCC], [NVXacNhan], [ThoiGian], [ThanhTien]) VALUES (N'PNX009', N'KHO002', N'NCC003', N'NV007', CAST(0x00009FCF00000000 AS DateTime), 32000.0000)
INSERT [dbo].[PhieuSuaChua] ([Ma], [NgaySuaChua], [GhiChu], [NVSuaChua], [Xe]) VALUES (N'PSC001', CAST(0x0000A13900000000 AS DateTime), N'Hư Van', N'NV002', N'XE001')
INSERT [dbo].[PhieuSuaChua] ([Ma], [NgaySuaChua], [GhiChu], [NVSuaChua], [Xe]) VALUES (N'PSC002', CAST(0x00009FCB00000000 AS DateTime), N'Thay Dầu', N'NV003', N'XE002')
INSERT [dbo].[PhieuSuaChua] ([Ma], [NgaySuaChua], [GhiChu], [NVSuaChua], [Xe]) VALUES (N'PSC003', CAST(0x0000A13900000000 AS DateTime), N'Thay Tooc Vít', N'NV008', N'XE003')
INSERT [dbo].[PhieuSuaChua] ([Ma], [NgaySuaChua], [GhiChu], [NVSuaChua], [Xe]) VALUES (N'PSC004', CAST(0x0000A1D100000000 AS DateTime), N'Xiết ổ nòng côn', N'NV008', N'XE004')
INSERT [dbo].[PhieuSuaChua] ([Ma], [NgaySuaChua], [GhiChu], [NVSuaChua], [Xe]) VALUES (N'PSC005', CAST(0x0000A1D100000000 AS DateTime), N'Thay Nhớt', N'NV008', N'XE015')
INSERT [dbo].[PhieuSuaChua] ([Ma], [NgaySuaChua], [GhiChu], [NVSuaChua], [Xe]) VALUES (N'PSC006', CAST(0x0000A1D100000000 AS DateTime), N'Chỉnh chế hòa khí', N'NV005', N'XE016')
INSERT [dbo].[PhieuSuaChua] ([Ma], [NgaySuaChua], [GhiChu], [NVSuaChua], [Xe]) VALUES (N'PSC007', CAST(0x0000A1D100000000 AS DateTime), N'Tăng Xích', N'NV0104', N'XE017')
INSERT [dbo].[PhieuSuaChua] ([Ma], [NgaySuaChua], [GhiChu], [NVSuaChua], [Xe]) VALUES (N'PSC008', CAST(0x0000A1D100000000 AS DateTime), N'Thay Nhông', N'NV006', N'XE022')
INSERT [dbo].[PhieuSuaChua] ([Ma], [NgaySuaChua], [GhiChu], [NVSuaChua], [Xe]) VALUES (N'PSK009', CAST(0x0000A1D100000000 AS DateTime), N'Thay Đèn Trước', N'NV007', N'XE023')
INSERT [dbo].[PhieuXuatKho] ([Ma], [NgayXuat], [ChiNhanh], [NVXacNhan], [Kho]) VALUES (N'PXK001', CAST(0x0000A12500000000 AS DateTime), N'CN001', N'NV001', N'KHO001')
INSERT [dbo].[PhieuXuatKho] ([Ma], [NgayXuat], [ChiNhanh], [NVXacNhan], [Kho]) VALUES (N'PXK002', CAST(0x0000A28800000000 AS DateTime), N'CN001', N'NV001', N'KHO001')
INSERT [dbo].[PhieuXuatKho] ([Ma], [NgayXuat], [ChiNhanh], [NVXacNhan], [Kho]) VALUES (N'PXK003', CAST(0x0000A28800000000 AS DateTime), N'CN001', N'NV001', N'KHO002')
INSERT [dbo].[PhieuXuatKho] ([Ma], [NgayXuat], [ChiNhanh], [NVXacNhan], [Kho]) VALUES (N'PXK004', CAST(0x0000A13900000000 AS DateTime), N'CN002', N'NV002', N'KHO001')
INSERT [dbo].[PhieuXuatKho] ([Ma], [NgayXuat], [ChiNhanh], [NVXacNhan], [Kho]) VALUES (N'PXK005', CAST(0x0000A17800000000 AS DateTime), N'CN002', N'NV002', N'KHO002')
INSERT [dbo].[PhieuXuatKho] ([Ma], [NgayXuat], [ChiNhanh], [NVXacNhan], [Kho]) VALUES (N'PXK006', CAST(0x0000A1B700000000 AS DateTime), N'CN002', N'NV002', N'KHO003')
INSERT [dbo].[PhieuXuatKho] ([Ma], [NgayXuat], [ChiNhanh], [NVXacNhan], [Kho]) VALUES (N'PXK007', CAST(0x0000A20D00000000 AS DateTime), N'CN003', N'NV003', N'KHO002')
INSERT [dbo].[PhieuXuatKho] ([Ma], [NgayXuat], [ChiNhanh], [NVXacNhan], [Kho]) VALUES (N'PXK008', CAST(0x0000A1F100000000 AS DateTime), N'CN003', N'NV003', N'KHO003')
INSERT [dbo].[PhuKien] ([Ma], [Hang], [LoaiPhuKien]) VALUES (N'PK001', N'Yamaha', N'LPK001')
INSERT [dbo].[PhuKien] ([Ma], [Hang], [LoaiPhuKien]) VALUES (N'PK010', N'Yamaha', N'LPK006')
INSERT [dbo].[PhuKien] ([Ma], [Hang], [LoaiPhuKien]) VALUES (N'PK011', N'Yamaha', N'LPK007')
INSERT [dbo].[PhuKien] ([Ma], [Hang], [LoaiPhuKien]) VALUES (N'PK012', N'Yamaha', N'LPK007')
INSERT [dbo].[PhuKien] ([Ma], [Hang], [LoaiPhuKien]) VALUES (N'PK013', N'Yamaha', N'LPK008')
INSERT [dbo].[PhuKien] ([Ma], [Hang], [LoaiPhuKien]) VALUES (N'PK014', N'Yamaha', N'LPK008')
INSERT [dbo].[PhuKien] ([Ma], [Hang], [LoaiPhuKien]) VALUES (N'PK015', N'Yamaha', N'LPK006')
INSERT [dbo].[PhuKien] ([Ma], [Hang], [LoaiPhuKien]) VALUES (N'PK016', N'Honda', N'LPK001')
INSERT [dbo].[PhuKien] ([Ma], [Hang], [LoaiPhuKien]) VALUES (N'PK017', N'Honda', N'LPK001')
INSERT [dbo].[PhuKien] ([Ma], [Hang], [LoaiPhuKien]) VALUES (N'PK018', N'Honda', N'LPK001')
INSERT [dbo].[PhuKien] ([Ma], [Hang], [LoaiPhuKien]) VALUES (N'PK019', N'Honda', N'LPK001')
INSERT [dbo].[PhuKien] ([Ma], [Hang], [LoaiPhuKien]) VALUES (N'PK002', N'Yamaha', N'LPK011')
INSERT [dbo].[PhuKien] ([Ma], [Hang], [LoaiPhuKien]) VALUES (N'PK020', N'Honda', N'LPK013')
INSERT [dbo].[PhuKien] ([Ma], [Hang], [LoaiPhuKien]) VALUES (N'PK021', N'Honda', N'LPK013')
INSERT [dbo].[PhuKien] ([Ma], [Hang], [LoaiPhuKien]) VALUES (N'PK022', N'Honda', N'LPK008')
INSERT [dbo].[PhuKien] ([Ma], [Hang], [LoaiPhuKien]) VALUES (N'PK023', N'Honda', N'LPK009')
INSERT [dbo].[PhuKien] ([Ma], [Hang], [LoaiPhuKien]) VALUES (N'PK024', N'Honda', N'LPK007')
INSERT [dbo].[PhuKien] ([Ma], [Hang], [LoaiPhuKien]) VALUES (N'PK025', N'Honda', N'LPK003')
INSERT [dbo].[PhuKien] ([Ma], [Hang], [LoaiPhuKien]) VALUES (N'PK026', N'Honda', N'LPK005')
INSERT [dbo].[PhuKien] ([Ma], [Hang], [LoaiPhuKien]) VALUES (N'PK027', N'Honda', N'LPK004')
INSERT [dbo].[PhuKien] ([Ma], [Hang], [LoaiPhuKien]) VALUES (N'PK003', N'Yamaha', N'LPK012')
INSERT [dbo].[PhuKien] ([Ma], [Hang], [LoaiPhuKien]) VALUES (N'PK004', N'Yamaha', N'LPK013')
INSERT [dbo].[PhuKien] ([Ma], [Hang], [LoaiPhuKien]) VALUES (N'PK005', N'Yamaha', N'LPK002')
INSERT [dbo].[PhuKien] ([Ma], [Hang], [LoaiPhuKien]) VALUES (N'PK006', N'Yamaha', N'LPK003')
INSERT [dbo].[PhuKien] ([Ma], [Hang], [LoaiPhuKien]) VALUES (N'PK007', N'Yamaha', N'LPK004')
INSERT [dbo].[PhuKien] ([Ma], [Hang], [LoaiPhuKien]) VALUES (N'PK008', N'Yamaha', N'LPK005')
INSERT [dbo].[PhuKien] ([Ma], [Hang], [LoaiPhuKien]) VALUES (N'PK009', N'Yamaha', N'LPK006')
INSERT [dbo].[Quyen] ([Ma], [Ten], [GhiChu]) VALUES (N'Q001', N'1', NULL)
INSERT [dbo].[Quyen] ([Ma], [Ten], [GhiChu]) VALUES (N'Q002', N'2', NULL)
INSERT [dbo].[Xe] ([SoKhung], [SoMay], [ChiNhanh], [LoaiXe]) VALUES (N'1', N'1', N'CN001', N'LX001')
INSERT [dbo].[Xe] ([SoKhung], [SoMay], [ChiNhanh], [LoaiXe]) VALUES (N'10', N'10', N'CN001', N'LX010')
INSERT [dbo].[Xe] ([SoKhung], [SoMay], [ChiNhanh], [LoaiXe]) VALUES (N'11', N'11', N'CN001', N'LX011')
INSERT [dbo].[Xe] ([SoKhung], [SoMay], [ChiNhanh], [LoaiXe]) VALUES (N'12', N'12', N'CN001', N'LX012')
INSERT [dbo].[Xe] ([SoKhung], [SoMay], [ChiNhanh], [LoaiXe]) VALUES (N'13', N'13', N'CN001', N'LX013')
INSERT [dbo].[Xe] ([SoKhung], [SoMay], [ChiNhanh], [LoaiXe]) VALUES (N'14', N'14', N'CN001', N'LX014')
INSERT [dbo].[Xe] ([SoKhung], [SoMay], [ChiNhanh], [LoaiXe]) VALUES (N'15', N'15', N'CN002', N'LX001')
INSERT [dbo].[Xe] ([SoKhung], [SoMay], [ChiNhanh], [LoaiXe]) VALUES (N'16', N'16', N'CN002', N'LX002')
INSERT [dbo].[Xe] ([SoKhung], [SoMay], [ChiNhanh], [LoaiXe]) VALUES (N'17', N'17', N'CN002', N'LX003')
INSERT [dbo].[Xe] ([SoKhung], [SoMay], [ChiNhanh], [LoaiXe]) VALUES (N'18', N'18', N'CN002', N'LX004')
INSERT [dbo].[Xe] ([SoKhung], [SoMay], [ChiNhanh], [LoaiXe]) VALUES (N'19', N'19', N'CN002', N'LX005')
INSERT [dbo].[Xe] ([SoKhung], [SoMay], [ChiNhanh], [LoaiXe]) VALUES (N'2', N'2', N'CN001', N'LX002')
INSERT [dbo].[Xe] ([SoKhung], [SoMay], [ChiNhanh], [LoaiXe]) VALUES (N'20', N'20', N'CN002', N'LX006')
INSERT [dbo].[Xe] ([SoKhung], [SoMay], [ChiNhanh], [LoaiXe]) VALUES (N'21', N'21', N'CN002', N'LX007')
INSERT [dbo].[Xe] ([SoKhung], [SoMay], [ChiNhanh], [LoaiXe]) VALUES (N'22', N'22', N'CN002', N'LX008')
INSERT [dbo].[Xe] ([SoKhung], [SoMay], [ChiNhanh], [LoaiXe]) VALUES (N'23', N'23', N'CN002', N'LX009')
INSERT [dbo].[Xe] ([SoKhung], [SoMay], [ChiNhanh], [LoaiXe]) VALUES (N'24', N'24', N'CN003', N'LX008')
INSERT [dbo].[Xe] ([SoKhung], [SoMay], [ChiNhanh], [LoaiXe]) VALUES (N'25', N'25', N'CN003', N'LX009')
INSERT [dbo].[Xe] ([SoKhung], [SoMay], [ChiNhanh], [LoaiXe]) VALUES (N'26', N'26', N'CN003', N'LX010')
INSERT [dbo].[Xe] ([SoKhung], [SoMay], [ChiNhanh], [LoaiXe]) VALUES (N'27', N'27', N'CN003', N'LX011')
INSERT [dbo].[Xe] ([SoKhung], [SoMay], [ChiNhanh], [LoaiXe]) VALUES (N'28', N'28', N'CN003', N'LX012')
INSERT [dbo].[Xe] ([SoKhung], [SoMay], [ChiNhanh], [LoaiXe]) VALUES (N'29', N'29', N'CN003', N'LX013')
INSERT [dbo].[Xe] ([SoKhung], [SoMay], [ChiNhanh], [LoaiXe]) VALUES (N'3', N'3', N'CN001', N'LX003')
INSERT [dbo].[Xe] ([SoKhung], [SoMay], [ChiNhanh], [LoaiXe]) VALUES (N'4', N'4', N'CN001', N'LX004')
INSERT [dbo].[Xe] ([SoKhung], [SoMay], [ChiNhanh], [LoaiXe]) VALUES (N'5', N'5', N'CN001', N'LX005')
INSERT [dbo].[Xe] ([SoKhung], [SoMay], [ChiNhanh], [LoaiXe]) VALUES (N'6', N'6', N'CN001', N'LX006')
INSERT [dbo].[Xe] ([SoKhung], [SoMay], [ChiNhanh], [LoaiXe]) VALUES (N'7', N'7', N'CN001', N'LX007')
INSERT [dbo].[Xe] ([SoKhung], [SoMay], [ChiNhanh], [LoaiXe]) VALUES (N'8', N'8', N'CN001', N'LX008')
INSERT [dbo].[Xe] ([SoKhung], [SoMay], [ChiNhanh], [LoaiXe]) VALUES (N'9', N'9', N'CN001', N'LX009')